<?xml version="1.0" encoding="UTF-8"?>
<project-private xmlns="http://www.netbeans.org/ns/project-private/1">
    <editor-bookmarks xmlns="http://www.netbeans.org/ns/editor-bookmarks/2" lastBookmarkId="0"/>
    <open-files xmlns="http://www.netbeans.org/ns/projectui-open-files/2">
        <group>
            <file>file:/Users/yasser/Desktop/ProjectCRM/CRM/src/ipd12/crm/Customers.java</file>
            <file>file:/Users/yasser/Desktop/ProjectCRM/CRM/src/ipd12/crm/Customer.java</file>
            <file>file:/Users/yasser/Desktop/ProjectCRM/CRM/src/ipd12/crm/Support.java</file>
            <file>file:/Users/yasser/Desktop/ProjectCRM/CRM/src/ipd12/crm/Sales.java</file>
            <file>file:/Users/yasser/Desktop/ProjectCRM/CRM/src/ipd12/crm/Employees.java</file>
            <file>file:/Users/yasser/Desktop/ProjectCRM/CRM/src/ipd12/crm/Employee.java</file>
            <file>file:/Users/yasser/Desktop/ProjectCRM/CRM/src/ipd12/crm/Products.java</file>
            <file>file:/Users/yasser/Desktop/ProjectCRM/CRM/src/ipd12/crm/Database.java</file>
        </group>
    </open-files>
</project-private>
